{
    "total_runtime": 5574.298668384552,
    "num_documents": 1,
    "input_load_time": 0,
    "workflows": {
        "create_base_text_units": {
            "overall": 0.553720235824585,
            "0_orderby": 0.002000570297241211,
            "1_zip": 0.0019991397857666016,
            "2_aggregate_override": 0.002000570297241211,
            "3_chunk": 0.4735119342803955,
            "4_select": 0.0023469924926757812,
            "5_unroll": 0.0033500194549560547,
            "6_rename": 0.002488851547241211,
            "7_genid": 0.034648895263671875,
            "8_unzip": 0.0035021305084228516,
            "9_copy": 0.003006458282470703,
            "10_filter": 0.02386474609375
        },
        "create_base_extracted_entities": {
            "overall": 5547.409929037094,
            "0_entity_extract": 5547.264511585236,
            "1_merge_graphs": 0.14154577255249023
        },
        "create_summarized_entities": {
            "overall": 1.7450246810913086,
            "0_summarize_descriptions": 1.7420172691345215
        },
        "create_base_entity_graph": {
            "overall": 0.05303454399108887,
            "0_cluster_graph": 0.0460355281829834,
            "1_select": 0.003999948501586914
        },
        "create_final_entities": {
            "overall": 4.849238872528076,
            "0_unpack_graph": 0.01399993896484375,
            "1_rename": 0.004000186920166016,
            "2_select": 0.005001068115234375,
            "3_dedupe": 0.005249500274658203,
            "4_rename": 0.005003452301025391,
            "5_filter": 0.01268911361694336,
            "6_text_split": 0.007999420166015625,
            "7_drop": 0.004998922348022461,
            "8_merge": 0.03500771522521973,
            "9_text_embed": 4.731290340423584,
            "10_drop": 0.006000041961669922,
            "11_filter": 0.015000104904174805
        },
        "create_final_nodes": {
            "overall": 0.1675090789794922,
            "0_layout_graph": 0.04400801658630371,
            "1_unpack_graph": 0.022132396697998047,
            "2_unpack_graph": 0.01699233055114746,
            "3_drop": 0.006997108459472656,
            "4_filter": 0.016005992889404297,
            "5_select": 0.006974697113037109,
            "6_rename": 0.007001399993896484,
            "7_convert": 0.024415969848632812,
            "8_join": 0.010989904403686523,
            "9_rename": 0.0069997310638427734
        },
        "create_final_communities": {
            "overall": 0.041312456130981445,
            "0_create_final_communities": 0.03400778770446777
        },
        "create_final_relationships": {
            "overall": 0.037201881408691406,
            "0_create_final_relationships_pre_embedding": 0.018010377883911133,
            "1_create_final_relationships_post_embedding": 0.01119232177734375
        },
        "create_final_text_units": {
            "overall": 0.03838658332824707,
            "0_create_final_text_units_pre_embedding": 0.02201080322265625,
            "1_select": 0.008375883102416992
        },
        "create_final_community_reports": {
            "overall": 17.70921516418457,
            "0_prepare_community_reports_nodes": 0.01100778579711914,
            "1_prepare_community_reports_edges": 0.010999679565429688,
            "2_restore_community_hierarchy": 0.010153055191040039,
            "3_prepare_community_reports": 0.033675432205200195,
            "4_create_community_reports": 17.62641453742981,
            "5_window": 0.009000062942504883
        },
        "create_base_documents": {
            "overall": 0.1102757453918457,
            "0_unroll": 0.011000394821166992,
            "1_select": 0.010295629501342773,
            "2_rename": 0.009700298309326172,
            "3_join": 0.013000726699829102,
            "4_aggregate_override": 0.010998964309692383,
            "5_join": 0.013773441314697266,
            "6_rename": 0.010414838790893555,
            "7_convert": 0.02209186553955078
        },
        "create_final_documents": {
            "overall": 0.021139860153198242,
            "0_rename": 0.010999679565429688
        }
    }
}