{
    "total_runtime": 12.080174684524536,
    "num_documents": 1,
    "input_load_time": 0,
    "workflows": {
        "create_base_text_units": {
            "overall": 0.8719189167022705,
            "0_orderby": 0.015040397644042969,
            "1_zip": 0.011546611785888672,
            "2_aggregate_override": 0.027078628540039062,
            "3_chunk": 0.6476531028747559,
            "4_select": 0.022060155868530273,
            "5_unroll": 0.026596546173095703,
            "6_rename": 0.013530492782592773,
            "7_genid": 0.015610456466674805,
            "8_unzip": 0.017053604125976562,
            "9_copy": 0.016543865203857422,
            "10_filter": 0.05418539047241211
        },
        "create_base_extracted_entities": {
            "overall": 0.6984827518463135,
            "0_entity_extract": 0.6525583267211914,
            "1_merge_graphs": 0.028853893280029297
        },
        "create_summarized_entities": {
            "overall": 0.03456282615661621,
            "0_summarize_descriptions": 0.024030685424804688
        },
        "create_base_entity_graph": {
            "overall": 0.18178224563598633,
            "0_cluster_graph": 0.09145140647888184,
            "1_select": 0.03259873390197754
        },
        "create_final_entities": {
            "overall": 1.2048211097717285,
            "0_unpack_graph": 0.05821418762207031,
            "1_rename": 0.06927847862243652,
            "2_select": 0.05769658088684082,
            "3_dedupe": 0.044344186782836914,
            "4_rename": 0.02859330177307129,
            "5_filter": 0.07428717613220215,
            "6_text_split": 0.02960062026977539,
            "7_drop": 0.02859210968017578,
            "8_merge": 0.044677734375,
            "9_text_embed": 0.658414363861084,
            "10_drop": 0.028403043746948242,
            "11_filter": 0.054117441177368164
        },
        "create_final_nodes": {
            "overall": 0.35695576667785645,
            "0_layout_graph": 0.035054683685302734,
            "1_unpack_graph": 0.020038366317749023,
            "2_unpack_graph": 0.025557518005371094,
            "3_filter": 0.07321834564208984,
            "4_drop": 0.021883487701416016,
            "5_select": 0.019967317581176758,
            "6_rename": 0.020030736923217773,
            "7_join": 0.03497576713562012,
            "8_convert": 0.06740641593933105,
            "9_rename": 0.021752119064331055
        },
        "create_final_communities": {
            "overall": 0.4087562561035156,
            "0_unpack_graph": 0.021478652954101562,
            "1_unpack_graph": 0.019992589950561523,
            "2_aggregate_override": 0.025554656982421875,
            "3_join": 0.029117822647094727,
            "4_join": 0.031200408935546875,
            "5_concat": 0.01959705352783203,
            "6_filter": 0.047061920166015625,
            "7_aggregate_override": 0.023401260375976562,
            "8_join": 0.026932954788208008,
            "9_filter": 0.04769706726074219,
            "10_fill": 0.02213454246520996,
            "11_merge": 0.024569988250732422,
            "12_copy": 0.02290821075439453,
            "13_select": 0.027089357376098633
        },
        "join_text_units_to_entity_ids": {
            "overall": 0.09813237190246582,
            "0_select": 0.02353692054748535,
            "1_unroll": 0.024023771286010742,
            "2_aggregate_override": 0.028376102447509766
        },
        "create_final_relationships": {
            "overall": 0.3585550785064697,
            "0_unpack_graph": 0.027029037475585938,
            "1_filter": 0.05559682846069336,
            "2_rename": 0.027252674102783203,
            "3_filter": 0.06033134460449219,
            "4_drop": 0.02852177619934082,
            "5_compute_edge_combined_degree": 0.0421595573425293,
            "6_convert": 0.0620265007019043,
            "7_convert": 0.03148341178894043
        },
        "join_text_units_to_relationship_ids": {
            "overall": 0.16895580291748047,
            "0_select": 0.03005838394165039,
            "1_unroll": 0.034957170486450195,
            "2_aggregate_override": 0.035118818283081055,
            "3_select": 0.03649282455444336
        },
        "create_final_community_reports": {
            "overall": 0.307873010635376,
            "0_prepare_community_reports_nodes": 0.035004615783691406,
            "1_prepare_community_reports_edges": 0.034548044204711914,
            "2_restore_community_hierarchy": 0.0365755558013916,
            "3_prepare_community_reports": 0.07093667984008789,
            "4_create_community_reports": 0.0586247444152832,
            "5_window": 0.041069746017456055
        },
        "create_final_text_units": {
            "overall": 0.3199625015258789,
            "0_select": 0.03916811943054199,
            "1_rename": 0.03788638114929199,
            "2_join": 0.05032634735107422,
            "3_join": 0.05267906188964844,
            "4_aggregate_override": 0.0449676513671875,
            "5_select": 0.05986762046813965
        },
        "create_base_documents": {
            "overall": 0.4244506359100342,
            "0_unroll": 0.04006218910217285,
            "1_select": 0.04913759231567383,
            "2_rename": 0.03741621971130371,
            "3_join": 0.04508233070373535,
            "4_aggregate_override": 0.042032718658447266,
            "5_join": 0.0554201602935791,
            "6_rename": 0.03862738609313965,
            "7_convert": 0.08161497116088867
        },
        "create_final_documents": {
            "overall": 0.07509660720825195,
            "0_rename": 0.03804445266723633
        }
    }
}