{
    "total_runtime": 8.348090887069702,
    "num_documents": 1,
    "input_load_time": 0,
    "workflows": {
        "create_base_text_units": {
            "overall": 0.3738691806793213,
            "0_orderby": 0.026327848434448242,
            "1_zip": 0.004994630813598633,
            "2_aggregate_override": 0.009016275405883789,
            "3_chunk": 0.24403810501098633,
            "4_select": 0.005000114440917969,
            "5_unroll": 0.020940780639648438,
            "6_rename": 0.009526491165161133,
            "7_genid": 0.00852823257446289,
            "8_unzip": 0.011216163635253906,
            "9_copy": 0.007528781890869141,
            "10_filter": 0.02275395393371582
        },
        "create_base_extracted_entities": {
            "overall": 0.4695918560028076,
            "0_entity_extract": 0.4442782402038574,
            "1_merge_graphs": 0.016826152801513672
        },
        "create_summarized_entities": {
            "overall": 0.03654313087463379,
            "0_summarize_descriptions": 0.028528451919555664
        },
        "create_base_entity_graph": {
            "overall": 0.037320852279663086,
            "0_cluster_graph": 0.021297693252563477,
            "1_select": 0.008512020111083984
        },
        "create_final_entities": {
            "overall": 0.5036845207214355,
            "0_unpack_graph": 0.010024309158325195,
            "1_rename": 0.009516477584838867,
            "2_select": 0.010514020919799805,
            "3_dedupe": 0.010521888732910156,
            "4_rename": 0.011113405227661133,
            "5_filter": 0.02533268928527832,
            "6_text_split": 0.011596202850341797,
            "7_drop": 0.013115882873535156,
            "8_merge": 0.014431238174438477,
            "9_text_embed": 0.3060116767883301,
            "10_drop": 0.033045053482055664,
            "11_filter": 0.04064321517944336
        },
        "create_final_nodes": {
            "overall": 0.2812631130218506,
            "0_layout_graph": 0.02506232261657715,
            "1_unpack_graph": 0.018938779830932617,
            "2_unpack_graph": 0.017031192779541016,
            "3_filter": 0.03806138038635254,
            "4_drop": 0.017870187759399414,
            "5_select": 0.017735958099365234,
            "6_rename": 0.018023252487182617,
            "7_convert": 0.06167101860046387,
            "8_join": 0.03152155876159668,
            "9_rename": 0.02131199836730957
        },
        "create_final_communities": {
            "overall": 0.41761088371276855,
            "0_unpack_graph": 0.03606915473937988,
            "1_unpack_graph": 0.02056145668029785,
            "2_aggregate_override": 0.02565145492553711,
            "3_join": 0.027585744857788086,
            "4_join": 0.02597212791442871,
            "5_concat": 0.021851539611816406,
            "6_filter": 0.04819965362548828,
            "7_aggregate_override": 0.024584531784057617,
            "8_join": 0.027842044830322266,
            "9_filter": 0.04913830757141113,
            "10_fill": 0.022427797317504883,
            "11_merge": 0.024058103561401367,
            "12_copy": 0.02203845977783203,
            "13_select": 0.024550199508666992
        },
        "join_text_units_to_entity_ids": {
            "overall": 0.09094452857971191,
            "0_select": 0.02201700210571289,
            "1_unroll": 0.022724628448486328,
            "2_aggregate_override": 0.02469921112060547
        },
        "create_final_relationships": {
            "overall": 0.3136157989501953,
            "0_unpack_graph": 0.022987842559814453,
            "1_filter": 0.049581289291381836,
            "2_rename": 0.023086071014404297,
            "3_filter": 0.051088809967041016,
            "4_drop": 0.02404642105102539,
            "5_compute_edge_combined_degree": 0.036600589752197266,
            "6_convert": 0.05410599708557129,
            "7_convert": 0.03055095672607422
        },
        "join_text_units_to_relationship_ids": {
            "overall": 0.18133091926574707,
            "0_select": 0.03819775581359863,
            "1_unroll": 0.0365755558013916,
            "2_aggregate_override": 0.03809714317321777,
            "3_select": 0.03436684608459473
        },
        "create_final_community_reports": {
            "overall": 0.3024787902832031,
            "0_prepare_community_reports_nodes": 0.03613114356994629,
            "1_prepare_community_reports_edges": 0.03708386421203613,
            "2_restore_community_hierarchy": 0.03907418251037598,
            "3_prepare_community_reports": 0.060919761657714844,
            "4_create_community_reports": 0.06148076057434082,
            "5_window": 0.03545832633972168
        },
        "create_final_text_units": {
            "overall": 0.2569127082824707,
            "0_select": 0.03163647651672363,
            "1_rename": 0.03195619583129883,
            "2_join": 0.038818359375,
            "3_join": 0.04748964309692383,
            "4_aggregate_override": 0.039492130279541016,
            "5_select": 0.03554511070251465
        },
        "create_base_documents": {
            "overall": 0.36526942253112793,
            "0_unroll": 0.034874916076660156,
            "1_select": 0.03500247001647949,
            "2_rename": 0.0338900089263916,
            "3_join": 0.04031062126159668,
            "4_aggregate_override": 0.036512136459350586,
            "5_join": 0.04661917686462402,
            "6_rename": 0.03425097465515137,
            "7_convert": 0.07077527046203613
        },
        "create_final_documents": {
            "overall": 0.07046794891357422,
            "0_rename": 0.03507852554321289
        }
    }
}