{
    "total_runtime": 9.925174474716187,
    "num_documents": 1,
    "input_load_time": 0,
    "workflows": {
        "create_base_text_units": {
            "overall": 0.36704230308532715,
            "0_orderby": 0.004511594772338867,
            "1_zip": 0.003999233245849609,
            "2_aggregate_override": 0.008082151412963867,
            "3_chunk": 0.2680990695953369,
            "4_select": 0.005999565124511719,
            "5_unroll": 0.010514020919799805,
            "6_rename": 0.007513999938964844,
            "7_genid": 0.009145736694335938,
            "8_unzip": 0.007526397705078125,
            "9_copy": 0.00835561752319336,
            "10_filter": 0.03029036521911621
        },
        "create_base_extracted_entities": {
            "overall": 0.6132075786590576,
            "0_entity_extract": 0.5826544761657715,
            "1_merge_graphs": 0.023040294647216797
        },
        "create_summarized_entities": {
            "overall": 0.04102015495300293,
            "0_summarize_descriptions": 0.031510353088378906
        },
        "create_base_entity_graph": {
            "overall": 0.0528109073638916,
            "0_cluster_graph": 0.029997825622558594,
            "1_select": 0.014304637908935547
        },
        "create_final_entities": {
            "overall": 0.587108850479126,
            "0_unpack_graph": 0.013009071350097656,
            "1_rename": 0.011531591415405273,
            "2_select": 0.012510061264038086,
            "3_dedupe": 0.012509584426879883,
            "4_rename": 0.012759685516357422,
            "5_filter": 0.030264616012573242,
            "6_text_split": 0.015464544296264648,
            "7_drop": 0.01502227783203125,
            "8_merge": 0.018520355224609375,
            "9_text_embed": 0.3869302272796631,
            "10_drop": 0.014020442962646484,
            "11_filter": 0.034166574478149414
        },
        "create_final_nodes": {
            "overall": 0.2989494800567627,
            "0_layout_graph": 0.0248563289642334,
            "1_unpack_graph": 0.020028352737426758,
            "2_unpack_graph": 0.01871967315673828,
            "3_drop": 0.01703953742980957,
            "4_filter": 0.04250311851501465,
            "5_select": 0.018755435943603516,
            "6_rename": 0.018044471740722656,
            "7_convert": 0.06980776786804199,
            "8_join": 0.02912759780883789,
            "9_rename": 0.02403736114501953
        },
        "create_final_communities": {
            "overall": 0.5182507038116455,
            "0_unpack_graph": 0.02532029151916504,
            "1_unpack_graph": 0.023014545440673828,
            "2_aggregate_override": 0.047646522521972656,
            "3_join": 0.03507518768310547,
            "4_join": 0.03472423553466797,
            "5_concat": 0.02605915069580078,
            "6_filter": 0.05615043640136719,
            "7_aggregate_override": 0.03154778480529785,
            "8_join": 0.0364375114440918,
            "9_filter": 0.06395721435546875,
            "10_fill": 0.031088590621948242,
            "11_merge": 0.028542518615722656,
            "12_copy": 0.02855849266052246,
            "13_select": 0.031434059143066406
        },
        "join_text_units_to_entity_ids": {
            "overall": 0.15156078338623047,
            "0_select": 0.030361413955688477,
            "1_unroll": 0.03628945350646973,
            "2_aggregate_override": 0.057871341705322266
        },
        "create_final_relationships": {
            "overall": 0.4610745906829834,
            "0_unpack_graph": 0.03545188903808594,
            "1_filter": 0.0763096809387207,
            "2_rename": 0.03576064109802246,
            "3_filter": 0.08453178405761719,
            "4_drop": 0.03766632080078125,
            "5_compute_edge_combined_degree": 0.04063820838928223,
            "6_convert": 0.07772636413574219,
            "7_convert": 0.04253077507019043
        },
        "join_text_units_to_relationship_ids": {
            "overall": 0.18122625350952148,
            "0_select": 0.032546043395996094,
            "1_unroll": 0.034079790115356445,
            "2_aggregate_override": 0.0446467399597168,
            "3_select": 0.03925299644470215
        },
        "create_final_community_reports": {
            "overall": 0.3122823238372803,
            "0_prepare_community_reports_nodes": 0.03522133827209473,
            "1_prepare_community_reports_edges": 0.03453326225280762,
            "2_restore_community_hierarchy": 0.04514622688293457,
            "3_prepare_community_reports": 0.06303548812866211,
            "4_create_community_reports": 0.06346845626831055,
            "5_window": 0.03909015655517578
        },
        "create_final_text_units": {
            "overall": 0.28586268424987793,
            "0_select": 0.033606767654418945,
            "1_rename": 0.03564596176147461,
            "2_join": 0.0451817512512207,
            "3_join": 0.045052289962768555,
            "4_aggregate_override": 0.04660987854003906,
            "5_select": 0.04664754867553711
        },
        "create_base_documents": {
            "overall": 0.5029628276824951,
            "0_unroll": 0.037506103515625,
            "1_select": 0.038666486740112305,
            "2_rename": 0.03878021240234375,
            "3_join": 0.05004096031188965,
            "4_aggregate_override": 0.045812129974365234,
            "5_join": 0.07633256912231445,
            "6_rename": 0.08087778091430664,
            "7_convert": 0.09795808792114258
        },
        "create_final_documents": {
            "overall": 0.08248496055603027,
            "0_rename": 0.041175127029418945
        }
    }
}