{
    "total_runtime": 3955.7870666980743,
    "num_documents": 1,
    "input_load_time": 0,
    "workflows": {
        "create_base_text_units": {
            "overall": 0.17022085189819336,
            "0_orderby": 0.0019440650939941406,
            "1_zip": 0.0020012855529785156,
            "2_aggregate_override": 0.0029973983764648438,
            "3_chunk": 0.132704496383667,
            "4_select": 0.0028624534606933594,
            "5_unroll": 0.0026395320892333984,
            "6_rename": 0.0030028820037841797,
            "7_genid": 0.005511760711669922,
            "8_unzip": 0.002995729446411133,
            "9_copy": 0.001997232437133789,
            "10_filter": 0.009997844696044922
        },
        "create_base_extracted_entities": {
            "overall": 2564.5093603134155,
            "0_entity_extract": 2564.388531923294,
            "1_merge_graphs": 0.11832141876220703
        },
        "create_summarized_entities": {
            "overall": 653.6260368824005,
            "0_summarize_descriptions": 653.6230380535126
        },
        "create_base_entity_graph": {
            "overall": 0.4136810302734375,
            "0_cluster_graph": 0.4059102535247803,
            "1_select": 0.00400853157043457
        },
        "create_final_entities": {
            "overall": 22.049684524536133,
            "0_unpack_graph": 0.11963725090026855,
            "1_rename": 0.004004001617431641,
            "2_select": 0.004999637603759766,
            "3_dedupe": 0.005001068115234375,
            "4_rename": 0.004400730133056641,
            "5_filter": 0.021795988082885742,
            "6_text_split": 0.017343759536743164,
            "7_drop": 0.004999876022338867,
            "8_merge": 0.16111183166503906,
            "9_text_embed": 21.673779010772705,
            "10_drop": 0.004992008209228516,
            "11_filter": 0.024242639541625977
        },
        "create_final_nodes": {
            "overall": 1.0634691715240479,
            "0_layout_graph": 0.5429129600524902,
            "1_unpack_graph": 0.26939821243286133,
            "2_unpack_graph": 0.14594149589538574,
            "3_filter": 0.03498077392578125,
            "4_drop": 0.006992340087890625,
            "5_select": 0.006524324417114258,
            "6_rename": 0.0069997310638427734,
            "7_join": 0.012526750564575195,
            "8_convert": 0.022515535354614258,
            "9_rename": 0.008677005767822266
        },
        "create_final_communities": {
            "overall": 0.2639951705932617,
            "0_create_final_communities": 0.2569868564605713
        },
        "create_final_relationships": {
            "overall": 0.14881205558776855,
            "0_create_final_relationships_pre_embedding": 0.12893176078796387,
            "1_create_final_relationships_post_embedding": 0.012352466583251953
        },
        "create_final_text_units": {
            "overall": 0.03981351852416992,
            "0_create_final_text_units_pre_embedding": 0.02403426170349121,
            "1_select": 0.007991790771484375
        },
        "create_final_community_reports": {
            "overall": 711.5183625221252,
            "0_prepare_community_reports_nodes": 0.030777692794799805,
            "1_prepare_community_reports_edges": 0.01916193962097168,
            "2_restore_community_hierarchy": 0.012407541275024414,
            "3_prepare_community_reports": 0.15988826751708984,
            "4_create_community_reports": 711.2783510684967,
            "5_window": 0.009561777114868164
        },
        "create_base_documents": {
            "overall": 0.10703516006469727,
            "0_unroll": 0.010196924209594727,
            "1_select": 0.009998798370361328,
            "2_rename": 0.009632349014282227,
            "3_join": 0.013134002685546875,
            "4_aggregate_override": 0.010720252990722656,
            "5_join": 0.012010335922241211,
            "6_rename": 0.01075601577758789,
            "7_convert": 0.02100062370300293
        },
        "create_final_documents": {
            "overall": 0.032294273376464844,
            "0_rename": 0.02172541618347168
        }
    }
}