{
    "total_runtime": 9.564216136932373,
    "num_documents": 1,
    "input_load_time": 0,
    "workflows": {
        "create_base_text_units": {
            "overall": 0.39279842376708984,
            "0_orderby": 0.009123563766479492,
            "1_zip": 0.006989479064941406,
            "2_aggregate_override": 0.01508951187133789,
            "3_chunk": 0.2808372974395752,
            "4_select": 0.007520914077758789,
            "5_unroll": 0.012553215026855469,
            "6_rename": 0.006140708923339844,
            "7_genid": 0.009059429168701172,
            "8_unzip": 0.00801706314086914,
            "9_copy": 0.007520437240600586,
            "10_filter": 0.02541637420654297
        },
        "create_base_extracted_entities": {
            "overall": 0.4722599983215332,
            "0_entity_extract": 0.43822503089904785,
            "1_merge_graphs": 0.026477336883544922
        },
        "create_summarized_entities": {
            "overall": 0.026437759399414062,
            "0_summarize_descriptions": 0.018221139907836914
        },
        "create_base_entity_graph": {
            "overall": 0.04606485366821289,
            "0_cluster_graph": 0.025593042373657227,
            "1_select": 0.011414289474487305
        },
        "create_final_entities": {
            "overall": 0.6409850120544434,
            "0_unpack_graph": 0.012512445449829102,
            "1_rename": 0.012539386749267578,
            "2_select": 0.020586729049682617,
            "3_dedupe": 0.019039154052734375,
            "4_rename": 0.0129241943359375,
            "5_filter": 0.03361153602600098,
            "6_text_split": 0.01451253890991211,
            "7_drop": 0.012953996658325195,
            "8_merge": 0.019227981567382812,
            "9_text_embed": 0.41884517669677734,
            "10_drop": 0.01573038101196289,
            "11_filter": 0.038146018981933594
        },
        "create_final_nodes": {
            "overall": 0.31665897369384766,
            "0_layout_graph": 0.025239944458007812,
            "1_unpack_graph": 0.01806783676147461,
            "2_unpack_graph": 0.018647193908691406,
            "3_filter": 0.059282541275024414,
            "4_drop": 0.01807093620300293,
            "5_select": 0.017659425735473633,
            "6_rename": 0.019790172576904297,
            "7_convert": 0.06932377815246582,
            "8_join": 0.034120798110961914,
            "9_rename": 0.020697832107543945
        },
        "create_final_communities": {
            "overall": 0.468090295791626,
            "0_unpack_graph": 0.022182703018188477,
            "1_unpack_graph": 0.02106499671936035,
            "2_aggregate_override": 0.031085729598999023,
            "3_join": 0.04377293586730957,
            "4_join": 0.030597686767578125,
            "5_concat": 0.02403712272644043,
            "6_filter": 0.052388906478881836,
            "7_aggregate_override": 0.027091503143310547,
            "8_join": 0.03212761878967285,
            "9_filter": 0.05527806282043457,
            "10_fill": 0.025610685348510742,
            "11_merge": 0.029568910598754883,
            "12_copy": 0.02704930305480957,
            "13_select": 0.027169227600097656
        },
        "join_text_units_to_entity_ids": {
            "overall": 0.18726348876953125,
            "0_select": 0.048178672790527344,
            "1_unroll": 0.04679608345031738,
            "2_aggregate_override": 0.05318260192871094
        },
        "create_final_relationships": {
            "overall": 0.4286923408508301,
            "0_unpack_graph": 0.030603885650634766,
            "1_filter": 0.09902381896972656,
            "2_rename": 0.03149151802062988,
            "3_filter": 0.0726308822631836,
            "4_drop": 0.03189420700073242,
            "5_compute_edge_combined_degree": 0.03616690635681152,
            "6_convert": 0.06595730781555176,
            "7_convert": 0.033312320709228516
        },
        "join_text_units_to_relationship_ids": {
            "overall": 0.16681647300720215,
            "0_select": 0.030785083770751953,
            "1_unroll": 0.03498244285583496,
            "2_aggregate_override": 0.03762221336364746,
            "3_select": 0.033854007720947266
        },
        "create_final_community_reports": {
            "overall": 0.36962890625,
            "0_prepare_community_reports_nodes": 0.035584211349487305,
            "1_prepare_community_reports_edges": 0.048674583435058594,
            "2_restore_community_hierarchy": 0.06057167053222656,
            "3_prepare_community_reports": 0.08678460121154785,
            "4_create_community_reports": 0.06577491760253906,
            "5_window": 0.039618730545043945
        },
        "create_final_text_units": {
            "overall": 0.339397668838501,
            "0_select": 0.036251068115234375,
            "1_rename": 0.037336111068725586,
            "2_join": 0.05350542068481445,
            "3_join": 0.05404520034790039,
            "4_aggregate_override": 0.06207633018493652,
            "5_select": 0.06084895133972168
        },
        "create_base_documents": {
            "overall": 0.4302670955657959,
            "0_unroll": 0.03912997245788574,
            "1_select": 0.0393826961517334,
            "2_rename": 0.043619632720947266,
            "3_join": 0.0453639030456543,
            "4_aggregate_override": 0.04301023483276367,
            "5_join": 0.049432992935180664,
            "6_rename": 0.04207348823547363,
            "7_convert": 0.09139871597290039
        },
        "create_final_documents": {
            "overall": 0.12002348899841309,
            "0_rename": 0.05628371238708496
        }
    }
}