{
    "total_runtime": 15523.405580997467,
    "num_documents": 1,
    "input_load_time": 0,
    "workflows": {
        "create_base_text_units": {
            "overall": 1.0125281810760498,
            "0_orderby": 0.0010030269622802734,
            "1_zip": 0.0030007362365722656,
            "2_aggregate_override": 0.0029997825622558594,
            "3_chunk": 0.8668291568756104,
            "4_select": 0.004000425338745117,
            "5_unroll": 0.0030002593994140625,
            "6_rename": 0.0027239322662353516,
            "7_genid": 0.07524299621582031,
            "8_unzip": 0.0040013790130615234,
            "9_copy": 0.0019996166229248047,
            "10_filter": 0.04653215408325195
        },
        "create_base_extracted_entities": {
            "overall": 15502.54078912735,
            "0_entity_extract": 15502.202586174011,
            "1_merge_graphs": 0.3352034091949463
        },
        "create_summarized_entities": {
            "overall": 3.017404556274414,
            "0_summarize_descriptions": 3.014404773712158
        },
        "create_base_entity_graph": {
            "overall": 0.03419232368469238,
            "0_cluster_graph": 0.026193618774414062,
            "1_select": 0.003999233245849609
        },
        "create_final_entities": {
            "overall": 2.482024669647217,
            "0_unpack_graph": 0.0070078372955322266,
            "1_rename": 0.003999948501586914,
            "2_select": 0.005511760711669922,
            "3_dedupe": 0.004755735397338867,
            "4_rename": 0.005003213882446289,
            "5_filter": 0.011001348495483398,
            "6_text_split": 0.0062792301177978516,
            "7_drop": 0.005532026290893555,
            "8_merge": 0.016999006271362305,
            "9_text_embed": 2.392897605895996,
            "10_drop": 0.006000041961669922,
            "11_filter": 0.012992143630981445
        },
        "create_final_nodes": {
            "overall": 0.12464737892150879,
            "0_layout_graph": 0.020413875579833984,
            "1_unpack_graph": 0.009991884231567383,
            "2_unpack_graph": 0.010000944137573242,
            "3_drop": 0.0062868595123291016,
            "4_filter": 0.015011310577392578,
            "5_select": 0.006994485855102539,
            "6_rename": 0.0070002079010009766,
            "7_convert": 0.025721073150634766,
            "8_join": 0.009995698928833008,
            "9_rename": 0.007219791412353516
        },
        "create_final_communities": {
            "overall": 0.028130054473876953,
            "0_create_final_communities": 0.020901203155517578
        },
        "create_final_relationships": {
            "overall": 0.028998851776123047,
            "0_create_final_relationships_pre_embedding": 0.010999679565429688,
            "1_create_final_relationships_post_embedding": 0.009992599487304688
        },
        "create_final_text_units": {
            "overall": 0.03714728355407715,
            "0_create_final_text_units_pre_embedding": 0.022079944610595703,
            "1_select": 0.00800323486328125
        },
        "create_final_community_reports": {
            "overall": 11.996054649353027,
            "0_prepare_community_reports_nodes": 0.010000467300415039,
            "1_prepare_community_reports_edges": 0.008996963500976562,
            "2_restore_community_hierarchy": 0.010640621185302734,
            "3_prepare_community_reports": 0.029224634170532227,
            "4_create_community_reports": 11.920607566833496,
            "5_window": 0.00857686996459961
        },
        "create_base_documents": {
            "overall": 0.12129569053649902,
            "0_unroll": 0.014000415802001953,
            "1_select": 0.010000944137573242,
            "2_rename": 0.009998798370361328,
            "3_join": 0.023527145385742188,
            "4_aggregate_override": 0.010998010635375977,
            "5_join": 0.013245820999145508,
            "6_rename": 0.010225057601928711,
            "7_convert": 0.020619869232177734
        },
        "create_final_documents": {
            "overall": 0.021998882293701172,
            "0_rename": 0.01100015640258789
        }
    }
}