{
    "total_runtime": 1142.4835286140442,
    "num_documents": 1,
    "input_load_time": 0,
    "workflows": {
        "create_base_text_units": {
            "overall": 0.18474149703979492,
            "0_orderby": 0.0010619163513183594,
            "1_zip": 0.0020029544830322266,
            "2_aggregate_override": 0.0030050277709960938,
            "3_chunk": 0.14671969413757324,
            "4_select": 0.0019996166229248047,
            "5_unroll": 0.003000497817993164,
            "6_rename": 0.002007722854614258,
            "7_genid": 0.0069119930267333984,
            "8_unzip": 0.002008199691772461,
            "9_copy": 0.003010988235473633,
            "10_filter": 0.011015653610229492
        },
        "create_base_extracted_entities": {
            "overall": 1110.3030862808228,
            "0_entity_extract": 1110.238532781601,
            "1_merge_graphs": 0.06155276298522949
        },
        "create_summarized_entities": {
            "overall": 7.490854501724243,
            "0_summarize_descriptions": 7.484372854232788
        },
        "create_base_entity_graph": {
            "overall": 0.03169131278991699,
            "0_cluster_graph": 0.01951289176940918,
            "1_select": 0.005820035934448242
        },
        "create_final_entities": {
            "overall": 2.009850025177002,
            "0_unpack_graph": 0.013508319854736328,
            "1_rename": 0.009000778198242188,
            "2_select": 0.009001731872558594,
            "3_dedupe": 0.008103132247924805,
            "4_rename": 0.008896112442016602,
            "5_filter": 0.022524118423461914,
            "6_text_split": 0.011003732681274414,
            "7_drop": 0.009960651397705078,
            "8_merge": 0.026651859283447266,
            "9_text_embed": 1.84763765335083,
            "10_drop": 0.010997533798217773,
            "11_filter": 0.025549650192260742
        },
        "create_final_nodes": {
            "overall": 0.25777602195739746,
            "0_layout_graph": 0.027518749237060547,
            "1_unpack_graph": 0.035001277923583984,
            "2_unpack_graph": 0.01899886131286621,
            "3_drop": 0.01100015640258789,
            "4_filter": 0.028095722198486328,
            "5_select": 0.018992900848388672,
            "6_rename": 0.014999866485595703,
            "7_convert": 0.047582387924194336,
            "8_join": 0.030591964721679688,
            "9_rename": 0.013000011444091797
        },
        "create_final_communities": {
            "overall": 0.048207998275756836,
            "0_create_final_communities": 0.03520846366882324
        },
        "create_final_relationships": {
            "overall": 0.05730319023132324,
            "0_create_final_relationships_pre_embedding": 0.019890546798706055,
            "1_create_final_relationships_post_embedding": 0.020523548126220703
        },
        "create_final_text_units": {
            "overall": 0.07777690887451172,
            "0_create_final_text_units_pre_embedding": 0.03301119804382324,
            "1_select": 0.015514850616455078
        },
        "create_final_community_reports": {
            "overall": 19.892929315567017,
            "0_prepare_community_reports_nodes": 0.01899099349975586,
            "1_prepare_community_reports_edges": 0.017017126083374023,
            "2_restore_community_hierarchy": 0.019530773162841797,
            "3_prepare_community_reports": 0.04204106330871582,
            "4_create_community_reports": 19.77111005783081,
            "5_window": 0.009231805801391602
        },
        "create_base_documents": {
            "overall": 0.11092901229858398,
            "0_unroll": 0.009997367858886719,
            "1_select": 0.010994195938110352,
            "2_rename": 0.009000062942504883,
            "3_join": 0.012999773025512695,
            "4_aggregate_override": 0.012023210525512695,
            "5_join": 0.012504816055297852,
            "6_rename": 0.011011362075805664,
            "7_convert": 0.023444175720214844
        },
        "create_final_documents": {
            "overall": 0.022002696990966797,
            "0_rename": 0.01100301742553711
        }
    }
}