{
    "total_runtime": 4058.212776660919,
    "num_documents": 1,
    "input_load_time": 0,
    "workflows": {
        "create_base_text_units": {
            "overall": 1.0046217441558838,
            "0_orderby": 0.0020012855529785156,
            "1_zip": 0.0009987354278564453,
            "2_aggregate_override": 0.00400090217590332,
            "3_chunk": 0.8556313514709473,
            "4_select": 0.001981973648071289,
            "5_unroll": 0.003014087677001953,
            "6_rename": 0.0030057430267333984,
            "7_genid": 0.07899260520935059,
            "8_unzip": 0.004999876022338867,
            "9_copy": 0.003000497817993164,
            "10_filter": 0.04600238800048828
        },
        "create_base_extracted_entities": {
            "overall": 3895.4842677116394,
            "0_entity_extract": 3895.1264114379883,
            "1_merge_graphs": 0.3548552989959717
        },
        "create_summarized_entities": {
            "overall": 17.138558626174927,
            "0_summarize_descriptions": 17.13456892967224
        },
        "create_base_entity_graph": {
            "overall": 0.17299985885620117,
            "0_cluster_graph": 0.1660003662109375,
            "1_select": 0.003992319107055664
        },
        "create_final_entities": {
            "overall": 11.420852422714233,
            "0_unpack_graph": 0.07100272178649902,
            "1_rename": 0.003996849060058594,
            "2_select": 0.004000425338745117,
            "3_dedupe": 0.006000041961669922,
            "4_rename": 0.004006385803222656,
            "5_filter": 0.017000198364257812,
            "6_text_split": 0.011999845504760742,
            "7_drop": 0.00499415397644043,
            "8_merge": 0.09000635147094727,
            "9_text_embed": 11.180559396743774,
            "10_drop": 0.005723237991333008,
            "11_filter": 0.017010927200317383
        },
        "create_final_nodes": {
            "overall": 0.5808985233306885,
            "0_layout_graph": 0.32428717613220215,
            "1_unpack_graph": 0.07600665092468262,
            "2_unpack_graph": 0.07712340354919434,
            "3_drop": 0.0059926509857177734,
            "4_filter": 0.025186538696289062,
            "5_select": 0.005997180938720703,
            "6_rename": 0.006999015808105469,
            "7_join": 0.02113199234008789,
            "8_convert": 0.025371074676513672,
            "9_rename": 0.006905317306518555
        },
        "create_final_communities": {
            "overall": 0.1583702564239502,
            "0_create_final_communities": 0.15088796615600586
        },
        "create_final_relationships": {
            "overall": 0.09807443618774414,
            "0_create_final_relationships_pre_embedding": 0.07078266143798828,
            "1_create_final_relationships_post_embedding": 0.02029275894165039
        },
        "create_final_text_units": {
            "overall": 0.04245400428771973,
            "0_create_final_text_units_pre_embedding": 0.02644181251525879,
            "1_select": 0.009004354476928711
        },
        "create_final_community_reports": {
            "overall": 130.10802006721497,
            "0_prepare_community_reports_nodes": 0.02100062370300293,
            "1_prepare_community_reports_edges": 0.013991832733154297,
            "2_restore_community_hierarchy": 0.010794878005981445,
            "3_prepare_community_reports": 0.052947282791137695,
            "4_create_community_reports": 129.99128031730652,
            "5_window": 0.008998870849609375
        },
        "create_base_documents": {
            "overall": 0.12067675590515137,
            "0_unroll": 0.012007951736450195,
            "1_select": 0.009991884231567383,
            "2_rename": 0.009999990463256836,
            "3_join": 0.014008283615112305,
            "4_aggregate_override": 0.010994672775268555,
            "5_join": 0.02267599105834961,
            "6_rename": 0.010004997253417969,
            "7_convert": 0.02099323272705078
        },
        "create_final_documents": {
            "overall": 0.021000146865844727,
            "0_rename": 0.011000871658325195
        }
    }
}