{
    "total_runtime": 13.700578927993774,
    "num_documents": 1,
    "input_load_time": 0,
    "workflows": {
        "create_base_text_units": {
            "overall": 0.39069175720214844,
            "0_orderby": 0.004728794097900391,
            "1_zip": 0.00598907470703125,
            "2_aggregate_override": 0.009003639221191406,
            "3_chunk": 0.28609657287597656,
            "4_select": 0.00698542594909668,
            "5_unroll": 0.008008003234863281,
            "6_rename": 0.008002758026123047,
            "7_genid": 0.009599924087524414,
            "8_unzip": 0.010988950729370117,
            "9_copy": 0.008012533187866211,
            "10_filter": 0.028002262115478516
        },
        "create_base_extracted_entities": {
            "overall": 1.1650257110595703,
            "0_entity_extract": 1.0852415561676025,
            "1_merge_graphs": 0.06739258766174316
        },
        "create_summarized_entities": {
            "overall": 0.04238414764404297,
            "0_summarize_descriptions": 0.03185749053955078
        },
        "create_base_entity_graph": {
            "overall": 0.05581402778625488,
            "0_cluster_graph": 0.0325472354888916,
            "1_select": 0.013267278671264648
        },
        "create_final_entities": {
            "overall": 0.8240127563476562,
            "0_unpack_graph": 0.016320228576660156,
            "1_rename": 0.013084173202514648,
            "2_select": 0.0160064697265625,
            "3_dedupe": 0.02559828758239746,
            "4_rename": 0.027415990829467773,
            "5_filter": 0.0701911449432373,
            "6_text_split": 0.03179216384887695,
            "7_drop": 0.03102850914001465,
            "8_merge": 0.04348278045654297,
            "9_text_embed": 0.47481346130371094,
            "10_drop": 0.019003868103027344,
            "11_filter": 0.04325413703918457
        },
        "create_final_nodes": {
            "overall": 0.6375322341918945,
            "0_layout_graph": 0.029677391052246094,
            "1_unpack_graph": 0.02255105972290039,
            "2_unpack_graph": 0.022982358932495117,
            "3_filter": 0.06698012351989746,
            "4_drop": 0.033586978912353516,
            "5_select": 0.03337812423706055,
            "6_rename": 0.05483841896057129,
            "7_join": 0.08640265464782715,
            "8_convert": 0.18531250953674316,
            "9_rename": 0.08309364318847656
        },
        "create_final_communities": {
            "overall": 1.3288533687591553,
            "0_unpack_graph": 0.025748491287231445,
            "1_unpack_graph": 0.025696277618408203,
            "2_aggregate_override": 0.03938698768615723,
            "3_join": 0.07322573661804199,
            "4_join": 0.08352804183959961,
            "5_concat": 0.04623079299926758,
            "6_filter": 0.19358205795288086,
            "7_aggregate_override": 0.08380913734436035,
            "8_join": 0.08652520179748535,
            "9_filter": 0.36082935333251953,
            "10_fill": 0.06717658042907715,
            "11_merge": 0.07922577857971191,
            "12_copy": 0.07906055450439453,
            "13_select": 0.060425758361816406
        },
        "join_text_units_to_entity_ids": {
            "overall": 0.25775885581970215,
            "0_select": 0.030434846878051758,
            "1_unroll": 0.1633315086364746,
            "2_aggregate_override": 0.03499269485473633
        },
        "create_final_relationships": {
            "overall": 0.7155156135559082,
            "0_unpack_graph": 0.062421560287475586,
            "1_filter": 0.22621750831604004,
            "2_rename": 0.03370356559753418,
            "3_filter": 0.08473539352416992,
            "4_drop": 0.036689043045043945,
            "5_compute_edge_combined_degree": 0.08719301223754883,
            "6_convert": 0.10297036170959473,
            "7_convert": 0.048563241958618164
        },
        "join_text_units_to_relationship_ids": {
            "overall": 0.34499311447143555,
            "0_select": 0.06764936447143555,
            "1_unroll": 0.08368396759033203,
            "2_aggregate_override": 0.09200334548950195,
            "3_select": 0.06303143501281738
        },
        "create_final_community_reports": {
            "overall": 0.38858652114868164,
            "0_prepare_community_reports_nodes": 0.04004836082458496,
            "1_prepare_community_reports_edges": 0.05185103416442871,
            "2_restore_community_hierarchy": 0.05605673789978027,
            "3_prepare_community_reports": 0.07754945755004883,
            "4_create_community_reports": 0.06322646141052246,
            "5_window": 0.06139945983886719
        },
        "create_final_text_units": {
            "overall": 0.32576560974121094,
            "0_select": 0.04203915596008301,
            "1_rename": 0.04250669479370117,
            "2_join": 0.05051302909851074,
            "3_join": 0.05035400390625,
            "4_aggregate_override": 0.05373740196228027,
            "5_select": 0.0455625057220459
        },
        "create_base_documents": {
            "overall": 1.068666696548462,
            "0_unroll": 0.10127735137939453,
            "1_select": 0.40744686126708984,
            "2_rename": 0.045755624771118164,
            "3_join": 0.0531156063079834,
            "4_aggregate_override": 0.04857587814331055,
            "5_join": 0.060089826583862305,
            "6_rename": 0.04857468605041504,
            "7_convert": 0.25166749954223633
        },
        "create_final_documents": {
            "overall": 0.09473943710327148,
            "0_rename": 0.04826784133911133
        }
    }
}