{
    "total_runtime": 1163.6898946762085,
    "num_documents": 1,
    "input_load_time": 0,
    "workflows": {
        "create_base_text_units": {
            "overall": 0.17287302017211914,
            "0_orderby": 0.0019991397857666016,
            "1_zip": 0.002007722854614258,
            "2_aggregate_override": 0.0029997825622558594,
            "3_chunk": 0.13589739799499512,
            "4_select": 0.0025129318237304688,
            "5_unroll": 0.0030164718627929688,
            "6_rename": 0.0019996166229248047,
            "7_genid": 0.005994558334350586,
            "8_unzip": 0.003007173538208008,
            "9_copy": 0.0019998550415039062,
            "10_filter": 0.0096893310546875
        },
        "create_base_extracted_entities": {
            "overall": 1145.8717668056488,
            "0_entity_extract": 1145.8507561683655,
            "1_merge_graphs": 0.017999887466430664
        },
        "create_summarized_entities": {
            "overall": 0.46787595748901367,
            "0_summarize_descriptions": 0.4638197422027588
        },
        "create_base_entity_graph": {
            "overall": 0.017615795135498047,
            "0_cluster_graph": 0.00961613655090332,
            "1_select": 0.004000425338745117
        },
        "create_final_entities": {
            "overall": 0.891620397567749,
            "0_unpack_graph": 0.0060024261474609375,
            "1_rename": 0.004000186920166016,
            "2_select": 0.004590034484863281,
            "3_dedupe": 0.004999876022338867,
            "4_rename": 0.0040073394775390625,
            "5_filter": 0.011565685272216797,
            "6_text_split": 0.005999326705932617,
            "7_drop": 0.0045621395111083984,
            "8_merge": 0.007000446319580078,
            "9_text_embed": 0.8156318664550781,
            "10_drop": 0.0060040950775146484,
            "11_filter": 0.01322484016418457
        },
        "create_final_nodes": {
            "overall": 0.10591554641723633,
            "0_layout_graph": 0.008491277694702148,
            "1_unpack_graph": 0.006999969482421875,
            "2_unpack_graph": 0.006999969482421875,
            "3_drop": 0.007446765899658203,
            "4_filter": 0.01543569564819336,
            "5_select": 0.006000041961669922,
            "6_rename": 0.008129596710205078,
            "7_join": 0.009507179260253906,
            "8_convert": 0.024172306060791016,
            "9_rename": 0.007005453109741211
        },
        "create_final_communities": {
            "overall": 0.021282434463500977,
            "0_create_final_communities": 0.013708114624023438
        },
        "create_final_relationships": {
            "overall": 0.025969266891479492,
            "0_create_final_relationships_pre_embedding": 0.00853109359741211,
            "1_create_final_relationships_post_embedding": 0.010518074035644531
        },
        "create_final_text_units": {
            "overall": 0.03006434440612793,
            "0_create_final_text_units_pre_embedding": 0.01343536376953125,
            "1_select": 0.008525609970092773
        },
        "create_final_community_reports": {
            "overall": 14.352087259292603,
            "0_prepare_community_reports_nodes": 0.008915185928344727,
            "1_prepare_community_reports_edges": 0.009506702423095703,
            "2_restore_community_hierarchy": 0.009533405303955078,
            "3_prepare_community_reports": 0.02117133140563965,
            "4_create_community_reports": 14.285227298736572,
            "5_window": 0.009719133377075195
        },
        "create_base_documents": {
            "overall": 0.10829639434814453,
            "0_unroll": 0.009997129440307617,
            "1_select": 0.009821891784667969,
            "2_rename": 0.010618448257446289,
            "3_join": 0.011594772338867188,
            "4_aggregate_override": 0.011734724044799805,
            "5_join": 0.012840747833251953,
            "6_rename": 0.010589838027954102,
            "7_convert": 0.022001028060913086
        },
        "create_final_documents": {
            "overall": 0.021251678466796875,
            "0_rename": 0.010600805282592773
        }
    }
}