{
    "total_runtime": 769.2054972648621,
    "num_documents": 1,
    "input_load_time": 0,
    "workflows": {
        "create_base_text_units": {
            "overall": 0.16642522811889648,
            "0_orderby": 0.0010612010955810547,
            "1_zip": 0.002048015594482422,
            "2_aggregate_override": 0.003393888473510742,
            "3_chunk": 0.12940192222595215,
            "4_select": 0.0020177364349365234,
            "5_unroll": 0.0029990673065185547,
            "6_rename": 0.0020012855529785156,
            "7_genid": 0.005002260208129883,
            "8_unzip": 0.0029969215393066406,
            "9_copy": 0.0026552677154541016,
            "10_filter": 0.010851860046386719
        },
        "create_base_extracted_entities": {
            "overall": 469.1771023273468,
            "0_entity_extract": 469.0325803756714,
            "1_merge_graphs": 0.14162755012512207
        },
        "create_summarized_entities": {
            "overall": 271.08532094955444,
            "0_summarize_descriptions": 271.0710835456848
        },
        "create_base_entity_graph": {
            "overall": 0.09018588066101074,
            "0_cluster_graph": 0.0831756591796875,
            "1_select": 0.004003286361694336
        },
        "create_final_entities": {
            "overall": 17.866729974746704,
            "0_unpack_graph": 0.029018402099609375,
            "1_rename": 0.004366874694824219,
            "2_select": 0.005000114440917969,
            "3_dedupe": 0.006114482879638672,
            "4_rename": 0.00451207160949707,
            "5_filter": 0.02007293701171875,
            "6_text_split": 0.014946699142456055,
            "7_drop": 0.004992246627807617,
            "8_merge": 0.13172054290771484,
            "9_text_embed": 17.614824533462524,
            "10_drop": 0.0059986114501953125,
            "11_filter": 0.021408796310424805
        },
        "create_final_nodes": {
            "overall": 0.29485559463500977,
            "0_layout_graph": 0.11299967765808105,
            "1_unpack_graph": 0.04000043869018555,
            "2_unpack_graph": 0.041651248931884766,
            "3_filter": 0.02400803565979004,
            "4_drop": 0.005991935729980469,
            "5_select": 0.007000446319580078,
            "6_rename": 0.007298469543457031,
            "7_join": 0.012899160385131836,
            "8_convert": 0.027999162673950195,
            "9_rename": 0.00899958610534668
        },
        "create_final_communities": {
            "overall": 0.0712580680847168,
            "0_create_final_communities": 0.06425809860229492
        },
        "create_final_relationships": {
            "overall": 0.05002284049987793,
            "0_create_final_relationships_pre_embedding": 0.032024383544921875,
            "1_create_final_relationships_post_embedding": 0.010998964309692383
        },
        "create_final_text_units": {
            "overall": 0.038034677505493164,
            "0_create_final_text_units_pre_embedding": 0.02002406120300293,
            "1_select": 0.010010957717895508
        },
        "create_final_community_reports": {
            "overall": 8.380363941192627,
            "0_prepare_community_reports_nodes": 0.0170135498046875,
            "1_prepare_community_reports_edges": 0.00998830795288086,
            "2_restore_community_hierarchy": 0.01046299934387207,
            "3_prepare_community_reports": 0.031279563903808594,
            "4_create_community_reports": 8.293620824813843,
            "5_window": 0.010000228881835938
        },
        "create_base_documents": {
            "overall": 0.1086418628692627,
            "0_unroll": 0.009994029998779297,
            "1_select": 0.009006023406982422,
            "2_rename": 0.010001182556152344,
            "3_join": 0.012922048568725586,
            "4_aggregate_override": 0.01100015640258789,
            "5_join": 0.013711214065551758,
            "6_rename": 0.010000228881835938,
            "7_convert": 0.021999120712280273
        },
        "create_final_documents": {
            "overall": 0.023000001907348633,
            "0_rename": 0.011992454528808594
        }
    }
}